"datetime","GLMAED_Chla_ugL","Chla_ugL_mean","Chla_residuals_ugL"
2018-08-06,22.5763565943784,3.72088235294118,18.8554742414372
2018-08-07,7.67873887155185,4.01256944444444,3.66616942710741
2018-08-08,19.579200002862,6.26743055555556,13.3117694473065
2018-08-09,7.56276492813532,8.28416666666667,-0.721401738531347
2018-08-10,13.2749864644156,10.8916666666667,2.38331979774888
2018-08-11,7.41833137376359,13.5690972222222,-6.15076584845861
2018-08-12,15.7180719892207,15.0504166666667,0.667655322554035
2018-08-13,7.23790945046148,14.0699305555556,-6.83202110509412
2018-08-14,13.2205781895826,10.9804861111111,2.24009207847151
2018-08-15,7.32234315785552,8.18104166666667,-0.85869850881115
2018-08-16,12.1834525193576,7.14875,5.0347025193576
2018-08-17,6.14744063508604,6.14347222222222,0.00396841286382266
2018-08-18,12.8866454862275,6.31229166666667,6.57435381956088
2018-08-19,5.63115053906752,7.77319444444444,-2.14204390537691
2018-08-20,12.6482897921828,8.14709401709402,4.50119577508874
2018-08-21,6.40817526596348,8.6656968482906,-2.25752158232712
2018-08-22,11.1937929109468,9.18429967948718,2.00949323145958
2018-08-23,8.87779409130441,9.70290251068376,-0.825108419379353
2018-08-24,10.9846125855805,10.2215053418803,0.763107243700171
2018-08-25,9.45945685440706,10.7401081730769,-1.28065131866984
2018-08-26,16.6522425781079,11.2587110042735,5.39353157383437
2018-08-27,7.28456926738499,11.7773138354701,-4.49274456808511
2018-08-28,16.4056788157945,12.2959166666667,4.10976214912784
2018-08-29,7.31914518499014,10.7692307622378,-3.45008557724766
2018-08-30,16.1208266803503,9.4954225,6.6254041803503
2018-08-31,7.28623142349386,8.87354170138889,-1.58731027789503
2018-09-01,7.30999693549058,8.12755246153846,-0.817555526047877
2018-09-02,7.34358888816978,7.29020834027778,0.0533805478919955
2018-09-03,8.6609316732323,5.83804195804196,2.82288971519034
2018-09-04,7.47003106728452,4.06104166666667,3.40898940061785
2018-09-05,12.7616968719759,3.78377622377622,8.97792064819969
2018-09-06,7.46834762914721,3.19958333333333,4.26876429581388
2018-09-07,12.5186498299513,3.19743055555556,9.32121927439577
2018-09-08,7.38298195646193,3.52298611111111,3.85999584535082
2018-09-09,10.6242533602361,4.84326388888889,5.78098947134723
2018-09-10,7.23413351714633,8.23035211971831,-0.99621860257198
2018-09-11,14.4617141503758,9.30916663888889,5.15254751148693
2018-09-12,7.3957503491936,8.02804191608392,-0.632291566890323
2018-09-13,14.2254780640501,7.57416665972222,6.65131140432787
2018-09-14,6.97914726293513,8.07818181818182,-1.09903455524669
2018-09-15,14.0340274509743,8.08405594405594,5.94997150691837
2018-09-16,7.26326729680323,8.69375885815603,-1.4304915613528
2018-09-17,12.0073823856447,9.52753521126761,2.47984717437708
2018-09-18,7.59420951337257,10.0410638439716,-2.44685433059903
2018-09-19,11.9609095942113,9.81678569285714,2.14412390135412
2018-09-20,6.63131165242108,8.71167878832117,-2.08036713590009
2018-09-21,11.9563741433873,8.95783216783217,2.99854197555515
2018-09-22,6.68228037416454,5.27958041258741,1.40269996157713
2018-09-23,11.7262217660984,6.169861125,5.55636064109836
2018-09-24,6.76822061444968,6.12176677958777,0.646453834861906
2018-09-25,11.5299172803577,6.07367243417553,5.45624484618216
2018-09-26,7.20557922673748,6.0255780887633,1.18000113797418
2018-09-27,11.4813942867841,5.97748374335106,5.50391054343308
2018-09-28,7.23707440091252,5.92938939793883,1.30768500297369
2018-09-29,11.2565731448512,5.8812950525266,5.37527809232456
2018-09-30,7.23075831264492,5.83320070711436,1.39755760553056
2018-10-01,9.27294536183595,5.78510636170213,3.48783900013382
2018-10-02,7.22058434369177,5.58500000694444,1.63558433674733
2018-10-03,9.22436513781792,4.5420979020979,4.68226723572002
2018-10-04,7.15424349706667,4.17867132867133,2.97557216839534
2018-10-05,9.1582911239292,4.724375,4.4339161239292
2018-10-06,7.13790369904487,6.5800694375,0.557834261544873
2018-10-07,13.1127203034489,5.781875,7.33084530344889
2018-10-08,7.17049152063132,4.88013986013986,2.29035166049146
2018-10-09,9.34853926274547,4.9588811048951,4.38965815785037
2018-10-10,7.19587423916535,5.80461539160839,1.39125884755696
2018-10-11,9.54838279204426,5.26909722222222,4.27928556982205
2018-10-12,7.24677735222155,3.84125,3.40552735222155
2018-10-13,10.1091285916564,3.38902097902098,6.72010761263541
2018-10-14,7.42816269412809,3.82055944055944,3.60760325356865
2018-10-15,7.64290123010242,2.5365034965035,5.10639773359892
2018-10-16,7.50729497271506,3.38090909090909,4.12638588180597
2018-10-17,7.66435287492305,3.17464788732394,4.48970498759911
2018-10-18,7.54166870215702,3.97402777777778,3.56764092437924
2018-10-19,7.90045291394564,4.02230769230769,3.87814522163795
2018-10-20,7.55358409616147,5.895625,1.65795909616147
2018-10-21,8.04196842761534,4.5079020979021,3.53406632971324
2018-10-22,7.59398841863821,5.43475525174825,2.15923316688996
2018-10-23,9.47895081456536,7.43215279861111,2.04679801595425
2018-10-24,7.63239574582881,6.18577464084507,1.44662110498374
2018-10-25,7.68717282053109,5.67597223611111,2.01120058441998
2018-10-26,7.59636470215668,4.93354609219858,2.6628186099581
2018-10-27,7.76609659164297,5.21319444444444,2.55290214719853
2018-10-28,7.65005505415231,3.46458333333333,4.18547172081898
2018-10-29,10.913797216031,4.23041958041958,6.68337763561138
2018-10-30,7.60337184264177,4.81230769230769,2.79106415033408
2018-10-31,7.78361881268202,3.95125873426573,3.83236007841629
2018-11-01,7.70813525615184,3.30290780141844,4.4052274547334
2018-11-02,9.90203799144163,4.81581560992908,5.08622238151255
2018-11-03,7.76199915272383,5.92816902112676,1.83383013159707
2018-11-04,7.9794376278244,3.42722222222222,4.55221540560218
2018-11-05,7.84057522669275,3.85818181818182,3.98239340851093
2018-11-06,9.84930801520136,6.40542252816901,3.44388548703235
2018-11-07,7.85145516494441,4.71055945454545,3.14089571039896
2018-11-08,8.11568905411203,3.34125874125874,4.77443031285329
2018-11-09,7.88776791132173,3.01391608391608,4.87385182740565
2018-11-10,9.62982526365458,3.73027777777778,5.8995474858768
2018-11-11,7.90828863545321,3.49291666666667,4.41537196878654
2018-11-12,9.84061303870543,6.13609929078014,3.70451374792529
2018-11-13,7.87786537857511,6.30223776223776,1.57562761633735
2018-11-14,8.39791201016721,7.7136805625,0.684231447667208
2018-11-15,7.79721864828757,4.93755244755245,2.85966620073512
2018-11-16,8.97870918977678,5.08804195804196,3.89066723173482
2018-11-17,7.94252073569779,3.42055555555556,4.52196518014223
2018-11-18,10.0475919107194,7.4441957972028,2.60339611351663
2018-11-19,8.28493468483702,3.29909090909091,4.9858437757461
2018-11-20,10.514011907762,3.28181818181818,7.23219372594382
2018-11-21,8.55166211260413,3.78041958041958,4.77124253218455
2018-11-22,10.6998321622784,3.96342657342657,6.73640558885179
2018-11-23,8.04062581300973,3.66277777777778,4.37784803523195
2018-11-24,10.7749892126149,3.38930555555556,7.38568365705937
2018-11-25,8.13418037499428,4.50993007692308,3.6242502980712
2018-11-26,10.8070138972081,4.46345070422535,6.34356319298272
2018-11-27,8.26798051394914,5.13020833333333,3.13777218061581
2018-11-28,10.8821504022587,5.96888111888112,4.91326928337755
2018-11-29,8.40451102351689,6.21281688732394,2.19169413619295
2018-11-30,12.1757359877227,7.35929576760563,4.81644022011711
2018-12-01,8.79389275278723,8.62187499305556,0.172017759731673
2018-12-02,10.8805421278399,7.64986016083916,3.23068196700071
2018-12-03,8.47685956425323,6.5165034965035,1.96035606774973
2018-12-04,10.8687716724207,6.70381944444444,4.1649522279763
2018-12-05,8.64606315121898,6.96563382394366,1.68042932727532
2018-12-06,9.70960225803904,7.10545455244755,2.60414770559149
2018-12-07,8.79594651107448,6.82874127272727,1.96720523834721
2018-12-08,10.7261504095331,7.52650348951049,3.19964692002264
2018-12-09,8.87680245164976,8.35615386713287,0.520648584516893
2018-12-10,10.5366935768283,7.32249999305556,3.21419358377272
2018-12-11,8.9846893973982,7.12669015492958,1.85799924246862
2018-12-12,10.4789629850576,7.68671327272727,2.79224971233033
2018-12-13,9.28861851486903,8.10618054166667,1.18243797320236
2018-12-14,10.6330721391088,8.79748252447552,1.83558961463329
2018-12-15,9.70314866097609,9.88076389583333,-0.177615234857239
2018-12-16,10.5253757905809,8.17077463380282,2.3546011567781
2018-12-17,8.9692755596281,7.55619046825397,1.41308509137413
2018-12-18,10.9016896219387,6.44685314685315,4.45483647508558
2018-12-19,9.17769977811726,6.53161973239437,2.64608004572289
2018-12-20,10.7437308705167,7.49398606993007,3.24974480058658
2018-12-21,8.96191940686396,7.83412587412587,1.12779353273809
2018-12-22,10.7518298554876,7.06388890277778,3.68794095270984
2018-12-23,9.03890811066002,6.75416665972222,2.2847414509378
2018-12-24,11.030168191206,6.33986114583333,4.69030704537265
2018-12-25,9.35933994076068,7.65708331944444,1.70225662131624
2018-12-26,9.57439598791677,7.28697184507042,2.28742414284635
2018-12-27,9.52717272584157,8.42929578873239,1.09787693710918
2018-12-28,9.66631366797024,9.95359157746479,-0.287277909494554
2018-12-29,9.59734790271905,9.46500004166667,0.132347861052375
2018-12-30,9.71054558408792,9.61493056944444,0.095615014643478
2018-12-31,9.58740302283858,10.6184722361111,-1.03106921327252
2019-01-01,10.1804336746112,9.55333333333333,0.627100341277886
2019-01-02,9.54465944250961,9.74689393939394,-0.20223449688433
2019-01-03,10.6826484167853,8.94795776760563,1.73469064917966
2019-01-04,9.79879975671126,11.2579860972222,-1.45918634051094
2019-01-05,10.9849374336262,10.6137499791667,0.371187454459511
2019-01-06,10.0967698139342,9.56867130769231,0.528098506241859
2019-01-07,10.4381962458689,8.46236111111111,1.97583513475781
2019-01-08,10.2874464084785,7.20295775352113,3.0844886549574
2019-01-09,10.6438659602968,7.02090277083333,3.62296318946352
2019-01-10,8.99168609833493,7.48258742657343,1.5090986717615
2019-01-11,10.939423865814,6.77083331944444,4.16859054636957
2019-01-12,8.99981313513617,7.49097903496503,1.50883410017114
2019-01-13,14.4888036657897,8.60382975177305,5.88497391401666
2019-01-14,9.09842308213906,8.97805554166667,0.120367540472387
2019-01-15,12.8291909606993,8.40028371631206,4.42890724438725
2019-01-16,9.09866279152964,7.49190140140845,1.60676139012119
2019-01-17,17.5327859988257,8.40219860992908,9.13058738889666
2019-01-18,9.17661493237882,8.22159722916667,0.955017703212151
2019-01-19,15.7615606617748,9.58541668055556,6.1761439812192
2019-01-20,9.27047444073397,9.18659720138889,0.0838772393450835
2019-01-21,11.7659898050247,7.95447551748252,3.81151428754216
2019-01-22,9.29809988209179,7.54048610416667,1.75761377792512
2019-01-23,16.4452808019188,9.1472916875,7.29798911441882
2019-01-24,9.36928113868792,9.27359156338028,0.0956895753076346
2019-01-25,14.8765139108616,7.9236805625,6.95283334836162
2019-01-26,9.4167920266745,7.86361110416667,1.55318092250783
2019-01-27,16.82860258716,8.73006990909091,8.09853267806906
2019-01-28,9.1560819865438,8.90517483216783,0.250907154375966
2019-01-29,14.4149012216027,10.0754861180556,4.33941510354711
2019-01-30,9.3237784426493,9.90506940972222,-0.58129096707292
2019-01-31,9.65176971654811,8.79085713571429,0.860912580833816
2019-02-01,9.72082010661832,8.88356644755245,0.837253659065871
2019-02-02,9.95835685621693,9.7781119020979,0.180244954119029
2019-02-03,9.80551779614475,8.00440558741259,1.80111220873216
2019-02-04,10.0981747847575,8.50402777083333,1.59414701392414
2019-02-05,9.86323501946939,8.14215278472222,1.72108223474717
2019-02-06,10.0629672964021,8.4588112027972,1.60415609360487
2019-02-07,9.87977851746575,8.97930555555556,0.900472961910189
2019-02-08,9.99669679398963,8.03702128368794,1.95967551030169
2019-02-09,10.241146430992,7.69570424647887,2.54544218451318
2019-02-10,10.4510308035074,8.35258744055944,2.09844336294795
2019-02-11,10.7915842952633,8.93409726388889,1.85748703137441
2019-02-12,10.9731320024763,9.24374998611111,1.72938201636523
2019-02-13,10.7529770881734,7.53335662237762,3.21962046579581
2019-02-14,11.0020499129413,7.74749999305556,3.25454991988575
2019-02-15,10.9161900315793,8.32260561971831,2.59358441186095
2019-02-16,10.8877118567136,7.42576389583333,3.46194796088029
2019-02-17,10.8982534160155,7.9346479084507,2.96360550756476
2019-02-18,11.0781609172466,7.82083333333333,3.25732758391323
2019-02-19,11.0677805086912,7.04958043356643,4.01820007512475
2019-02-20,11.4269765160461,9.03006944444444,2.39690707160171
2019-02-21,11.1120724324584,7.88874129370629,3.22333113875214
2019-02-22,11.8172076528649,8.02972220138889,3.78748545147601
2019-02-23,11.1539741587807,10.7257342797203,0.428239879060357
2019-02-24,11.2043238370759,9.43398602097902,1.77033781609688
2019-02-25,9.20867109906281,7.57354167361111,1.6351294254517
2019-02-26,9.42379600323272,9.34166664583333,0.0821293573993884
2019-02-27,9.53798323009559,8.60277775694444,0.93520547315115
2019-02-28,9.72217305446503,9.17041958041958,0.551753474045451
2019-03-01,9.88165659459282,2.51993055555556,7.36172603903726
2019-03-02,10.2063455419515,0.457202797202797,9.74914274474866
2019-03-03,10.0980665432424,0.472916666666667,9.6251498765757
2019-03-04,10.2140811829898,0.483846153846154,9.73023502914368
2019-03-05,9.81933728405764,0.418819444444444,9.4005178396132
2019-03-06,9.81677450951514,0.456527777777778,9.36024673173736
2019-03-07,10.1174234782274,0.435902777777778,9.68152070044967
2019-03-08,10.505754583378,0.469375,10.036379583378
2019-03-09,10.7399307894449,0.488881118881119,10.2510496705638
2019-03-10,11.0609827488867,0.601180555555556,10.4598021933312
2019-03-11,11.1866241549423,0.743098591549296,10.443525563393
2019-03-12,11.1129388618897,0.904055944055944,10.2088829178338
2019-03-13,11.1405484572623,0.875277777777778,10.2652706794845
2019-03-14,11.1905157797617,1.04669014084507,10.1438256389166
2019-03-15,11.2145428904526,1.72159722222222,9.49294566823039
2019-03-16,10.9526678900949,2.15867132867133,8.79399656142356
2019-03-17,10.7832997520534,2.62673611111111,8.15656364094225
2019-03-18,10.8066484249715,3.17986111111111,7.62678731386044
2019-03-19,10.5940767791203,3.49608391608392,7.09799286303636
2019-03-20,10.6388037296615,3.61166666666667,7.02713706299483
2019-03-21,10.3787755021915,2.6479020979021,7.73087340428943
2019-03-22,10.3997266669903,3.01590277777778,7.38382388921248
2019-03-23,10.1067483304736,3.00166666666667,7.10508166380692
2019-03-24,10.0002975440315,3.31408450704225,6.68621303698922
2019-03-25,10.0520292223944,3.8087323943662,6.24329682802815
2019-03-26,10.0937436741819,3.98356643356643,6.11017724061546
2019-03-27,9.87570245601416,4.16958041958042,5.70612203643374
2019-03-28,9.92609199090884,3.86323943661972,6.06285255428912
2019-03-29,9.93440636804752,3.55090909090909,6.38349727713843
2019-03-30,9.52990252045202,3.46770833333333,6.06219418711869
2019-03-31,9.50545799853195,3.44640845070423,6.05904954782772
2019-04-01,9.52603998546743,3.62274647887324,5.90329350659419
2019-04-02,9.28300924675156,3.34202797202797,5.94098127472359
2019-04-03,9.53127746964382,3.61387323943662,5.9174042302072
2019-04-04,9.17133529624565,2.96741258741259,6.20392270883306
2019-04-05,10.2702617632238,3.01418439716312,7.25607736606067
2019-04-06,10.4481407413801,2.75423611111111,7.69390463026903
2019-04-07,11.5452624912043,3.32416666666667,8.22109582453762
2019-04-08,11.5043386592789,2.44471830985915,9.05962034941976
2019-04-09,12.2977015193796,2.25944444444444,10.0382570749351
2019-04-10,12.5080961267809,2.54615384615385,9.96194228062701
2019-04-11,13.7880667044922,3.13902097902098,10.6490457254713
2019-04-12,13.8180974802223,4.36077464788732,9.45732283233494
2019-04-13,15.0604250828721,4.97013986013986,10.0902852227323
2019-04-14,15.4128252709877,6.50534725,8.90747802098772
2019-04-15,17.1668059774928,6.47671327272727,10.6900927047656
2019-04-16,16.7380809753814,6.8577083125,9.88037266288139
2019-04-17,18.3065907268906,6.64159722916667,11.6649934977239
2019-04-18,18.637702234068,6.58615381818182,12.0515484158862
2019-04-19,20.7951724405936,7.69607145,13.0991009905936
2019-04-20,21.5277578005919,8.4627778125,13.0649799880919
2019-04-21,22.3439882701774,6.38836878723404,15.9556194829434
2019-04-22,21.5803791424575,5.36943661971831,16.2109425227392
2019-04-23,23.0453151182459,4.48153846153846,18.5637766567075
2019-04-24,23.3791884068435,3.88854166666667,19.4906467401769
2019-04-25,26.1574543267313,3.66426573426573,22.4931885924656
2019-04-26,25.3201203050613,3.54978723404255,21.7703330710187
2019-04-27,26.9066552012104,2.71216783216783,24.1944873690426
2019-04-28,27.4996378922167,1.7948951048951,25.7047427873216
2019-04-29,29.0192768931266,1.83804195804196,27.1812349350846
2019-04-30,29.2158751429726,1.7172027972028,27.4986723457698
2019-05-01,31.756449582901,1.44013986013986,30.3163097227612
2019-05-02,30.8821649135816,1.75528169014085,29.1268832234407
2019-05-03,30.4520486680323,2.31636363636364,28.1356850316687
2019-05-04,30.5880630935877,2.76534722222222,27.8227158713654
2019-05-05,33.0207976759396,3.0280985915493,29.9926990843903
2019-05-06,32.1549225826841,2.80328671328671,29.3516358693974
2019-05-07,34.0421214424125,3.30569444444444,30.736426997968
2019-05-08,33.5588214799746,3.06202797202797,30.4967935079466
2019-05-09,34.2025550282432,3.47633802816901,30.7262170000742
2019-05-10,35.6802565257108,4.346875,31.3333815257108
2019-05-11,36.6333916897807,4.6472027972028,31.9861888925779
2019-05-12,39.1856133569952,6.05636364335664,33.1292497136386
2019-05-13,39.752972114445,5.23846153846154,34.5145105759835
2019-05-14,42.6593960062576,5.18062937062937,37.4787666356282
2019-05-15,44.2844046153263,4.7509219858156,39.5334826295107
2019-05-16,46.3512084706838,3.96666666666667,42.3845418040172
2019-05-17,45.155624938484,3.68118055555556,41.4744443829285
2019-05-18,44.7451040156299,3.31222222222222,41.4328817934077
2019-05-19,45.8463324813518,2.92986013986014,42.9164723414917
2019-05-20,44.7210685521666,3.10112676056338,41.6199417916033
2019-05-21,44.8577440260979,3.16673611111111,41.6910079149868
2019-05-22,44.4707550881479,2.97921985815603,41.4915352299919
2019-05-23,43.8476616764962,2.90555555555556,40.9421061209406
2019-05-24,42.192816749868,3.64125874125874,38.5515580086092
2019-05-25,41.1046860261775,3.60861111111111,37.4960749150664
2019-05-26,40.5438332401555,3.02153846153846,37.522294778617
2019-05-27,40.0618976763736,2.84270833333333,37.2191893430403
2019-05-28,39.4334206006046,2.743125,36.6902956006046
2019-05-29,38.8549427991485,2.66659722222222,36.1883455769263
2019-05-30,37.6836674699009,2.75293706293706,34.9307304069639
2019-05-31,36.7381214280312,2.63055555555556,34.1075658724757
2019-06-01,35.8769977162666,2.56534722222222,33.3116504940444
2019-06-02,35.5049531212159,2.8858041958042,32.6191489254117
2019-06-03,35.5070005919202,2.69288732394366,32.8141132679765
2019-06-04,35.2113370841955,3.08611111111111,32.1252259730844
2019-06-05,34.852565399722,3.35723404255319,31.4953313571688
2019-06-06,34.0403060932084,3.77729166666667,30.2630144265417
2019-06-07,33.4912947335987,3.97552447552448,29.5157702580742
2019-06-08,33.0421948272513,3.35090909090909,29.6912857363422
2019-06-09,32.363062042727,3.70319444444444,28.6598675982826
2019-06-10,32.0258298290782,3.20092857142857,28.8249012576496
2019-06-11,31.1338978816826,2.80316901408451,28.3307288675981
2019-06-12,30.6535211422219,3.44444444444444,27.2090766977774
2019-06-13,30.1174435763548,3.65236111111111,26.4650824652437
2019-06-14,30.0589781860465,3.11265734265734,26.9463208433892
2019-06-15,29.0756870406637,3.09629370629371,25.97939333437
2019-06-16,29.1680551825822,2.9941958041958,26.1738593783864
2019-06-17,28.3915289470828,3.52669065467626,24.8648382924065
2019-06-18,28.4986247600024,3.58097902097902,24.9176457390233
2019-06-19,27.8253967451519,3.92604166666667,23.8993550784852
2019-06-20,27.8978286157065,5.56270833333333,22.3351202823732
2019-06-21,27.0442569651468,5.12527778472222,21.9189791804246
2019-06-22,27.1140256904241,4.6141958041958,22.4998298862282
2019-06-23,26.5469401612127,5.15819444444444,21.3887457167683
2019-06-24,26.5092989310129,4.04566433566434,22.4636345953485
2019-06-25,26.2340949437984,4.45802816901408,21.7760667747843
2019-06-26,26.2313576374517,4.12104895104895,22.1103086864027
2019-06-27,25.7638099429871,3.69298611111111,22.070823831876
2019-06-28,25.5350750690554,4.30965034965035,21.2254247194051
2019-06-29,24.9299981354821,4.4751048951049,20.4548932403772
2019-06-30,24.706300068098,5.62097222222222,19.0853278458758
2019-07-01,24.4605791096027,7.4325694375,17.0280096721027
2019-07-02,24.5393479303485,6.01944055944056,18.5199073709079
2019-07-03,24.0180911996412,8.07909722916667,15.9389939704745
2019-07-04,24.1533334669688,8.27335663636364,15.8799768306051
2019-07-05,23.558682867618,9.95388890972222,13.6047939578957
2019-07-06,23.6937210803173,9.45055943356643,14.2431616467509
2019-07-07,23.3620708931369,9.79416663888889,13.567904254248
2019-07-08,23.5365852445085,7.92440559440559,15.6121796501029
2019-07-09,23.2750949473384,7.65281692253521,15.6222780248032
2019-07-10,23.5772576117454,6.43251751748252,17.1447400942629
2019-07-11,23.3010228156605,6.20965035664336,17.0913724590171
2019-07-12,23.2770682340072,7.14472223611111,16.132345997896
2019-07-13,22.5388689133173,8.63645833333333,13.902410579984
2019-07-14,22.5460296058228,9.54370627972028,13.0023233261025
2019-07-15,22.1909015372636,12.3560416527778,9.83485988448579
2019-07-16,22.1672760078361,14.6558450774648,7.51143093037132
2019-07-17,21.9805151344195,19.9466197183099,2.03389541610959
2019-07-18,21.8034129964598,22.0550694444444,-0.251656447984598
2019-07-19,21.4718653541163,24.2016783216783,-2.72981296756198
2019-07-20,21.47496764956,28.5575352112676,-7.08256756170755
2019-07-21,21.3370244559444,30.2935416666667,-8.95651721072232
2019-07-22,21.3408295069657,33.9898611111111,-12.6490316041454
2019-07-23,21.236161805043,42.9596503496504,-21.7234885446074
2019-07-24,21.3468870165974,46.0837062937063,-24.7368192771089
2019-07-25,21.239690812305,52.9325874125874,-31.6928966002824
2019-07-26,21.1692180198045,55.7556643356643,-34.5864463158598
2019-07-27,21.1056685219675,52.9345833333333,-31.8289148113658
2019-07-28,20.9998290143737,49.4593006993007,-28.459471684927
2019-07-29,20.669689926726,46.3417605633803,-25.6720706366543
2019-07-30,20.6478745689123,43.183006993007,-22.5351324240947
2019-07-31,20.4811852322626,33.0523076923077,-12.5711224600451
2019-08-01,20.5928559884411,35.4700699300699,-14.8772139416288
2019-08-02,20.3967800553979,33.1908333333333,-12.7940532779354
2019-08-03,20.5017566139642,25.9467361111111,-5.44497949714689
2019-08-04,20.3961118305041,19.9621678321678,0.433943998336307
2019-08-05,20.611742285043,17.418125,3.19361728504296
2019-08-06,20.2003053425644,12.8670833333333,7.33322200923107
2019-08-07,20.2519517557442,12.1497202937063,8.10223146203786
2019-08-08,20.0960241926288,10.5461110972222,9.54991309540659
2019-08-09,19.8780657960698,10.8764583333333,9.00160746273648
2019-08-10,19.5816572492605,11.0251048951049,8.55655235415558
2019-08-11,19.6290580426918,11.7046853076923,7.92437273499946
2019-08-12,19.251614226862,13.2658155957447,5.98579863111732
2019-08-13,19.3665437907009,16.5556944444444,2.81084934625653
2019-08-14,19.0278704418253,14.4259722222222,4.60189821960306
2019-08-15,19.3291549166229,13.1800000140845,6.1491549025384
2019-08-16,18.9979283956056,14.5292307692308,4.46869762637482
2019-08-17,19.4207555099092,13.8725874125874,5.54816809732178
2019-08-18,19.114071872775,12.2762237762238,6.83784809655123
2019-08-19,19.6694024393976,11.8349305486111,7.83447189078647
2019-08-20,19.6164112512863,11.0399300629371,8.57648118834919
2019-08-21,19.3658601050208,9.44208334027778,9.92377676474302
2019-08-22,18.8401276640949,8.92838028169014,9.9117473824048
2019-08-23,18.6281968368234,7.95760561971831,10.670591217105
2019-08-24,18.2613523049139,8.45277776388889,9.80857454102502
2019-08-25,18.6886613222949,7.36036767647059,11.3282936458243
2019-08-26,18.441436064315,6.26496502797203,12.176471036343
2019-08-27,19.2549825789557,6.24305554166667,13.011927037289
2019-08-28,19.0513946161957,5.30405594405594,13.7473386721397
2019-08-29,19.2361887766394,4.83590277777778,14.4002859988616
2019-08-30,19.3308697028525,4.7458865248227,14.5849831780298
2019-08-31,19.9897744759266,4.59697183098592,15.3928026449407
2019-09-01,19.5975241743597,4.63986013986014,14.9576640344995
2019-09-02,20.195128046545,4.75929577464789,15.4358322718971
2019-09-03,19.7973161334025,3.73573426573427,16.0615818676682
2019-09-04,20.1056205913528,4.53923076923077,15.566389822122
2019-09-05,19.7482493600971,4.59854166666667,15.1497076934304
2019-09-06,19.9189869091851,3.1627972027972,16.7561897063879
2019-09-07,19.3796292690423,4.4413986013986,14.9382306676437
2019-09-08,19.9551687677176,5.05583333333333,14.8993354343843
2019-09-09,19.4982730967679,6.17860140559441,13.3196716911735
2019-09-10,20.0400370839317,5.31971631205674,14.720320771875
2019-09-11,19.8118698696995,3.13923076923077,16.6726391004688
2019-09-12,20.0220390041938,2.85583333333333,17.1662056708605
2019-09-13,19.675443853484,3.45347222222222,16.2219716312618
2019-09-14,19.6166165990538,3.62447552447552,15.9921410745783
2019-09-15,18.7215113028507,3.3620979020979,15.3594134007528
2019-09-16,19.2256368437427,2.80732394366197,16.4183129000807
2019-09-17,19.0094240562519,2.30676056338028,16.7026634928717
2019-09-18,19.4296172671237,2.65520833333333,16.7744089337904
2019-09-19,18.8727620965735,2.99277777777778,15.8799843187958
2019-09-20,19.0860997718663,3.63548611111111,15.4506136607552
2019-09-21,18.7886071466767,4.45256944444444,14.3360377022322
2019-09-22,19.5876036132004,4.24326388888889,15.3443397243115
2019-09-23,19.3259569418359,4.28258741258741,15.0433695292485
2019-09-24,19.028020574227,4.88622377622378,14.1417967980032
2019-09-25,19.1938559723435,5.40713287412587,13.7867230982176
2019-09-26,19.8378345677047,5.57288732394366,14.264947243761
2019-09-27,19.950727226919,4.59929078014184,15.3514364467771
2019-09-28,20.559124926437,4.51631944444444,16.0428054819925
2019-09-29,20.4385689739025,3.77643356643357,16.662135407469
2019-09-30,20.3971188692806,2.81769230769231,17.5794265615883
2019-10-01,19.3063277673968,2.55006944444444,16.7562583229524
2019-10-02,20.0655066986953,1.88594405594406,18.1795626427513
2019-10-03,19.7491693307812,2.57567375886525,17.1734955719159
2019-10-04,20.3204587749235,2.71867132867133,17.6017874462522
2019-10-05,19.97104091234,3.76118055555556,16.2098603567845
2019-10-06,20.3339082572874,3.63631944444444,16.697588812843
2019-10-07,19.7856334465095,4.41642857142857,15.3692048750809
2019-10-08,20.264506894434,4.72673611111111,15.5377707833229
2019-10-09,20.5087632571519,4.32734265734266,16.1814205998093
2019-10-10,19.9780180848567,4.32028169014085,15.6577363947158
2019-10-11,19.6916120565384,5.18872180451128,14.5028902520271
2019-10-12,20.0400157392432,3.34732394366197,16.6926917955812
2019-10-13,19.6948391471343,4.01055944055944,15.6842797065748
2019-10-14,20.0403537137956,4.24819444444444,15.7921592693512
2019-10-15,19.6591004191872,4.69590277777778,14.9631976414094
2019-10-16,19.9871785664459,5.18609929078014,14.8010792756658
2019-10-17,19.5294862444123,4.81587412587413,14.7136121185382
2019-10-18,19.789382928151,4.69573426573427,15.0936486624168
2019-10-19,19.4174880065021,3.56608391608392,15.8514040904182
2019-10-20,19.4932047678843,3.96930555555556,15.5238992123287
2019-10-21,19.1459356375663,4.24861111111111,14.8973245264552
2019-10-22,19.3745068681157,5.2079020979021,14.1666047702136
2019-10-23,18.9208703682682,5.35545454545455,13.5654158228137
2019-10-24,19.2517654618423,4.01447552447552,15.2372899373667
2019-10-25,19.2534921059323,5.18375886524823,14.0697332406841
2019-10-26,19.0674769021156,6.10506944444444,12.9624074576712
2019-10-27,18.5738829373709,8.06729166666667,10.5065912707043
2019-10-28,18.7308554431913,7.82312056737589,10.9077348758154
2019-10-29,18.3065120459928,7.01852112676056,11.2879909192322
2019-10-30,18.558218342489,5.82300699300699,12.735211349482
2019-10-31,18.2050585352514,3.85993055555556,14.3451279796959
2019-11-01,18.4027869246083,5.25951048951049,13.1432764350978
2019-11-02,17.9311000004071,4.006875,13.9242250004071
2019-11-03,18.3066037504037,3.64,14.6666037504037
2019-11-04,18.3239377857307,3.71951048951049,14.6044272962202
2019-11-05,18.3388694968148,4.351875,13.9869944968148
2019-11-06,18.0587491852867,4.79078014184397,13.2679690434428
2019-11-07,18.0217625058301,4.81867132867133,13.2030911771588
2019-11-08,17.6994693402298,5.49755244755245,12.2019168926773
2019-11-09,17.9337475101777,6.36763888888889,11.5661086212888
2019-11-10,17.566222300658,5.28867132867133,12.2775509719867
2019-11-11,17.8522808404438,6.10146853146853,11.7508123089753
2019-11-12,17.8828023902343,6.79253521126761,11.0902671789667
2019-11-13,17.7084344498054,7.14412587412587,10.5643085756795
2019-11-14,17.7531642882928,6.86839160839161,10.8847726799012
2019-11-15,18.0423089795623,6.48846153846154,11.5538474411008
2019-11-16,17.9352816526583,5.92083916083916,12.0144424918191
2019-11-17,17.5903620956428,7.17597222222222,10.4143898734206
2019-11-18,17.3941537458618,8.01661971830986,9.37753402755194
2019-11-19,17.5775441351628,6.91291666666667,10.6646274684962
2019-11-20,17.3729845800144,6.62286713286713,10.7501174471473
2019-11-21,17.4827357181035,7.4127972027972,10.0699385153063
2019-11-22,17.2719852858099,7.00041958041958,10.2715657053903
2019-11-23,17.3683174542383,7.33711269014085,10.0312047640975
2019-11-24,17.1256255476475,6.74298611111111,10.3826394365364
2019-11-25,17.2666419705055,6.87729166666667,10.3893503038388
2019-11-26,17.2585783953185,6.18556338028169,11.0730150150368
2019-11-27,17.2361892611659,6.41636363636364,10.8198256248023
2019-11-28,16.5862758278939,7.19587412587413,9.39040170201979
2019-11-29,16.794623703587,8.30426469852941,8.49035900505755
2019-11-30,16.6611014795082,7.84062936363636,8.82047211587188
2019-12-01,16.7859952581925,7.16628570714286,9.61970955104969
2019-12-02,16.7476742712566,7.24622376923077,9.50145050202588
2019-12-03,16.7685643789914,6.59957747183099,10.1689869071604
2019-12-04,16.6822526535709,7.40368792907801,9.27856472449291
2019-12-05,16.6890656594756,7.73986113888889,8.94920452058668
2019-12-06,16.538951579874,7.13893617730496,9.40001540256909
2019-12-07,16.4802337113289,8.3286524822695,8.15158122905937
2019-12-08,15.9641229693414,7.25500000704225,8.70912296229911
2019-12-09,16.3482868325524,7.19173611805556,9.15655071449688
2019-12-10,16.2655992077227,7.6858042027972,8.57979500492554
2019-12-11,16.513434585996,8.12826389583333,8.38517069016264
2019-12-12,16.3754679003316,7.8718182027972,8.50364969753444
2019-12-13,16.5562275960455,7.57654929577465,8.97967830027088
2019-12-14,16.2476016680567,7.97888888194444,8.2687127861123
2019-12-15,16.4244771886004,7.72345071830986,8.70102647029057
2019-12-16,16.2362412456648,7.04915493661972,9.18708630904504
2019-12-17,16.3611087859622,7.48741256643357,8.87369621952864
2019-12-18,16.1772928806134,7.96666668055556,8.21062620005787
2019-12-19,16.1930254332007,7.18279720979021,9.01022822341049
2019-12-20,16.0020278609232,7.57500001388889,8.42702784703433
2019-12-21,16.1841035486819,6.07805554861111,10.1060480000708
2019-12-22,15.9208451331868,7.46944445833333,8.45140067485351
2019-12-23,16.0826520597006,7.79090907692308,8.29174298277748
2019-12-24,15.7933707951954,7.94395834027778,7.84941245491758
2019-12-25,15.9698918913309,8.18041958741259,7.7894723039183
2019-12-26,15.533946687069,7.70314686013986,7.83079982692917
2019-12-27,15.6056543271789,8.34326242553191,7.262391901647
2019-12-28,14.9750947922604,9.28293706293706,5.69215772932338
2019-12-29,15.2549100425695,9.15069931468532,6.1042107278842
2019-12-30,14.8181238902176,8.51146848951049,6.30665540070709
2019-12-31,15.0603374862686,9.64069931468531,5.41963817158326
2020-01-01,14.753949294065,9.24486113194444,5.50908816212056
2020-01-02,15.228565143743,10.1164084577465,5.11215668599646
2020-01-03,14.962973699755,10.0095139097222,4.95345979003281
2020-01-04,15.3026745866385,10.9455244755245,4.35715011111399
2020-01-05,14.9418117419275,10.3990909090909,4.54272083283655
2020-01-06,15.3882931842858,9.3020422887324,6.08625089555338
2020-01-07,14.9951742535215,8.75694445833333,6.23822979518818
2020-01-08,15.3454421528095,8.95729163194444,6.38815052086508
2020-01-09,14.7689627747718,8.44874125174825,6.32022152302351
2020-01-10,14.9640165925947,8.11097904895105,6.85303754364369
2020-01-11,14.7231620799527,9.31284720138889,5.41031487856384
2020-01-12,14.9492676886718,9.02936618309859,5.91990150557326
2020-01-13,14.5760697082923,8.39118057638889,6.18488913190346
2020-01-14,14.735519310967,9.15464788732394,5.58087142364308
2020-01-15,14.5334648447963,10.1658741188811,4.36759072591525
2020-01-16,14.9055939655057,11.2041259020979,3.70146806340777
2020-01-17,14.6572279902003,8.53839162237762,6.11883636782264
2020-01-18,14.9512688351779,9.14756945833333,5.80369937684457
2020-01-19,14.6946997973899,8.7616083986014,5.93309139878851
2020-01-20,14.9105266786148,7.94943661267606,6.96109006593873
2020-01-21,14.676891884493,8.36853145454545,6.30836042994753
2020-01-22,14.8391490890234,7.36840278472222,7.47074630430115
2020-01-23,14.8565175407715,7.19440559440559,7.66211194636589
2020-01-24,14.9705208506835,8.13664336363636,6.83387748704717
2020-01-25,14.6351611612444,8.04823940140845,6.58692175983596
2020-01-26,14.51259054945,8.22208333333333,6.2905072161167
2020-01-27,14.3722201339552,8.03657341258741,6.33564672136775
2020-01-28,14.7236276015065,8.11493056944444,6.60869703206202
2020-01-29,14.3353507598789,7.57034965034965,6.76500110952926
2020-01-30,14.5946461313083,8.01027972027972,6.58436641102858
2020-01-31,14.3759617268529,8.7875539352518,5.58840779160111
2020-02-01,14.6016384901084,9.01458333333333,5.58705515677503
2020-02-02,14.3210393506172,9.89875005555556,4.42228929506164
2020-02-03,14.4819607428068,9.09736109027778,5.38459965252905
2020-02-04,14.0964141475916,9.06027971328671,5.0361344343049
2020-02-05,14.3430000500428,10.151958020979,4.19104202906375
2020-02-06,13.947754021263,10.0640000166667,3.88375400459635
2020-02-07,14.4101505077039,9.54822223796296,4.86192826974095
2020-02-08,13.8201154919133,9.03244445925926,4.78767103265407
2020-02-09,14.0089344709213,8.51666668055556,5.49226779036578
2020-02-10,13.6940021167744,9.12335662937063,4.57064548740374
2020-02-11,13.9559346597471,10.5716428714286,3.38429178831846
2020-02-12,13.6218615671148,10.9772794191176,2.64458214799724
2020-02-13,13.7482270402659,11.2729799734477,2.47524706681816
2020-02-14,13.4650805723184,11.5686805277778,1.89640004454062
2020-02-15,13.7206404256249,9.46999998611111,4.25064043951376
2020-02-16,13.3211050774314,9.20458335416667,4.11652172326474
2020-02-17,13.573034550511,9.52111886013986,4.05191569037113
2020-02-18,13.030214404817,11.2839582777778,1.74625612703921
2020-02-19,13.3996624239365,11.0528472013889,2.34681522254757
2020-02-20,12.9369261446266,11.0920138680556,1.84491227657102
2020-02-21,13.1293621787202,10.1919444583333,2.93741772038689
2020-02-22,12.9523600946483,11.2059722013889,1.74638789325943
2020-02-23,13.0776234792401,12.7192361180556,0.358387361184471
2020-02-24,12.9599337052453,13.2145070633803,-0.254573358134989
2020-02-25,13.1743582394075,11.1448611458333,2.02949709357416
2020-02-26,12.7192585275048,13.8378321538462,-1.11857362634139
2020-02-27,12.9230656661988,12.3460416458333,0.57702402036554
2020-02-28,12.6118641406516,11.4965278055556,1.115336335096
2020-02-29,12.7249648937474,11.0104895454545,1.71447534829291
2020-03-01,12.5154273165418,10.1655555625,2.34987175404175
2020-03-02,12.7188331625209,12.5977777430556,0.121055419465327
2020-03-03,12.4016218613155,14.1784506971831,-1.77682883586756
2020-03-04,12.6032676522205,12.2293055833333,0.373962068887165
2020-03-05,12.2552827672433,11.7248251608392,0.530457606404061
2020-03-06,12.6202374749795,12.9326087028986,-0.312371227919142
2020-03-07,11.9690513806333,11.6918181748252,0.277233205808066
2020-03-08,12.6547337830089,9.85409721527778,2.8006365677311
2020-03-09,11.9623235522767,9.83729165277778,2.12503189949888
2020-03-10,12.1198890040042,13.5803546028369,-1.46046559883274
2020-03-11,11.9922110272258,10.3595138888889,1.63269713833689
2020-03-12,12.084377174959,9.03388888888889,3.05048828607014
2020-03-13,12.140642998485,12.823239443662,-0.682596445176953
2020-03-14,12.1669050439558,14.9844055944056,-2.81750055044976
2020-03-15,11.8512174491931,12.8336805625,-0.982463113306942
2020-03-16,12.096254769573,16.8968840652174,-4.80062929564442
2020-03-17,11.6851269005057,18.5661971830986,-6.88107028259291
2020-03-18,12.5040616881458,15.4014184255319,-2.89735673738614
2020-03-19,11.3997634112924,13.6726573426573,-2.2728939313649
2020-03-20,12.8324214809482,13.5934042695035,-0.760982788555333
2020-03-21,11.5175260196638,11.828591556338,-0.311065536674189
2020-03-22,11.3870306385097,20.462027979021,-9.07499734051129
2020-03-23,9.709061383997,17.9810562957746,-8.2719949117776
2020-03-24,11.3766588598339,21.9379021048951,-10.5612432450612
2020-03-25,9.03259875623907,23.4171328601399,-14.3845341039008
2020-03-26,11.5139461517905,24.4714788732394,-12.9575327214489
2020-03-27,10.6850058728287,15.7131468601399,-5.02814098731123
2020-03-28,11.8232083304398,17.3931468601399,-5.56993852970012
2020-03-29,11.1767376292037,14.8128472430556,-3.63610961385189
2020-03-30,12.4250969592574,22.5046853006993,-10.0795883414419
2020-03-31,8.8503366182531,25.851048951049,-17.0007123327959
2020-04-01,10.5500631633212,22.5185314685315,-11.9684683052103
2020-04-02,10.4397631908706,19.7652777777778,-9.32551458690718
2020-04-03,11.7190931253087,17.3381944444444,-5.61910131913566
2020-04-04,10.2943808069944,17.5925874125874,-7.29820660559301
2020-04-05,10.4783970256234,16.0874285714286,-5.60903154580522
2020-04-06,10.2913560380281,14.1924305486111,-3.90107451058302
2020-04-07,10.3322892516865,16.4940972222222,-6.16180797053568
2020-04-08,10.0175201724073,19.1978014184397,-9.18028124603244
2020-04-09,10.4209731261357,19.8791608391608,-9.45818771302515
2020-04-10,10.5435286933427,15.9233333402778,-5.37980464693514
2020-04-11,10.9848021298777,16.2367132867133,-5.25191115683558
2020-04-12,10.8391185648324,18.285625,-7.44650643516763
2020-04-13,11.2062218380577,23.2427777777778,-12.0365559397201
2020-04-14,11.1221962798125,18.002027965035,-6.87983168522255
2020-04-15,11.5533518418174,20.6164335664336,-9.06308172461624
2020-04-16,10.6491425408816,21.4458741258741,-10.7967315849925
2020-04-17,11.6668153126185,18.7522916666667,-7.08547635404816
2020-04-18,10.7065985012093,16.7606293706294,-6.05403086942006
2020-04-19,11.2471260767391,17.3621276595745,-6.11500158283541
2020-04-20,11.1066270287334,17.3038888958333,-6.19726186709988
2020-04-21,11.5279778019456,18.345034965035,-6.81705716308939
2020-04-22,11.5102063243457,15.1146478943662,-3.60444157002049
2020-04-23,11.9672005871957,17.2765034965035,-5.30930290930782
2020-04-24,11.58360466495,21.4107971014493,-9.82719243649932
2020-04-25,12.0548165926503,14.2698611041667,-2.21504451151644
2020-04-26,12.2460226503609,13.6447552587413,-1.39873260838035
2020-04-27,12.5777657757045,8.81612678169014,3.76163899401433
2020-04-28,12.7184733789367,8.3811888041958,4.33728457474091
2020-04-29,12.9838089776305,6.69013888194444,6.29367009568603
2020-04-30,11.347068941136,5.59423611111111,5.75283283002485
2020-05-01,11.809963666208,5.26183097887324,6.54813268733472
2020-05-02,11.6944302429054,4.94645833333333,6.74797190957206
2020-05-03,12.1286180847448,5.69437500694444,6.43424307780038
2020-05-04,12.0313115753854,4.21708333333333,7.81422824205208
2020-05-05,12.0903065775389,5.19965277083333,6.89065380670558
2020-05-06,11.7595556987368,6.79638888194444,4.96316681679233
2020-05-07,12.0871752077256,4.00295774647887,8.08421746124669
2020-05-08,12.1332743711851,4.88548611111111,7.24778826007394
2020-05-09,12.4279014812271,6.6886013986014,5.73930008262568
2020-05-10,11.9421817635429,4.60408450704225,7.33809725650065
2020-05-11,11.5220905539018,3.63436090225564,7.88772965164613
2020-05-12,11.3580690511322,3.46846153846154,7.88960751267068
2020-05-13,12.9630509810346,4.25957747183099,8.70347350920358
2020-05-14,11.6455777181962,3.83113475177305,7.81444296642312
2020-05-15,13.1344166506809,3.16142857142857,9.97298807925229
2020-05-16,12.0117581391823,3.49458333333333,8.51717480584899
2020-05-17,13.7027484732342,3.98520833333333,9.71754013990084
2020-05-18,12.1926179160324,5.53201438848921,6.66060352754316
2020-05-19,14.3074953850575,7.71479166666667,6.59270371839086
2020-05-20,11.0639223909952,7.69555553472222,3.36836685627301
2020-05-21,12.052422208187,8.08829790070922,3.96412430747773
2020-05-22,11.7371956812817,6.47437498611111,5.26282069517059
2020-05-23,12.296197249031,5.59888889583333,6.69730835319764
2020-05-24,12.2803592462132,7.05041957342657,5.22993967278665
2020-05-25,11.1360064825033,7.79751823357664,3.33848824892668
2020-05-26,12.4671915820339,7.78272728671329,4.68446429532059
2020-05-27,11.7229416186339,9.36342658041958,2.35951503821437
2020-05-28,12.1953483803831,9.53090906993007,2.66443931045302
2020-05-29,16.5191157292533,8.79972027272727,7.71939545652606
2020-05-30,12.3067287292568,7.96489511188811,4.34183361736866
2020-05-31,16.7385079943645,6.71625000694444,10.02225798742
2020-06-01,12.2064317651772,5.57412588111888,6.63230588405834
2020-06-02,11.3675070516136,6.45236110416667,4.91514594744691
2020-06-03,12.2480604143142,5.90993055555556,6.33812985875866
2020-06-04,17.1397405640376,5.56146853846154,11.5782720255761
2020-06-05,12.3904328580393,6.04725352816901,6.34317932987033
2020-06-06,17.1388683292817,6.58625,10.5526183292817
2020-06-07,12.8720690143805,5.80345070422535,7.06861831015511
2020-06-08,16.5130850618854,5.87623188405797,10.6368531778274
2020-06-09,13.0497850370347,6.26762238461538,6.78216265241932
2020-06-10,13.5588149026364,6.69475525874126,6.86405964389515
2020-06-11,13.1538128424464,10.1918881188811,2.96192472356531
2020-06-12,12.6811282167446,6.62197180985916,6.05915640688543
2020-06-13,13.3218193718382,5.91888888888889,7.40293048294926
2020-06-14,14.6716354000742,6.11756944444444,8.5540659556298
2020-06-15,13.2891789498915,6.41805555555556,6.87112339433593
2020-06-16,14.2712125179171,7.25736111111111,7.01385140680603
2020-06-17,13.8136549776164,6.17881945138889,7.63483552622754
2020-06-18,14.8231524524916,11.500763875,3.3223885774916
2020-06-19,13.2107894711547,12.2895833402778,0.92120613087692
2020-06-20,15.1023062420225,9.39444443055556,5.70786181146691
2020-06-21,12.0618560265276,7.42566434265734,4.63619168387024
2020-06-22,16.1249218505609,6.2021831056338,9.9227387449271
2020-06-23,12.6154006659419,5.70338027464789,6.91202039129406
2020-06-24,16.1420766015996,5.8611188951049,10.2809577064947
2020-06-25,14.3294908254406,4.72104166666667,9.60844915877397
2020-06-26,16.2540926458326,4.78111111111111,11.4729815347214
2020-06-27,13.6830233175673,4.29253521126761,9.39048810629971
2020-06-28,16.4555012402404,5.17840277777778,11.2770984624626
2020-06-29,13.1145017104641,4.75330935251799,8.36119235794608
2020-06-30,16.8472449309768,4.99146853146853,11.8557763995083
2020-07-01,14.3881675562237,4.4369444375,9.95122311872367
2020-07-02,16.8540480760966,4.21587412587413,12.6381739502225
2020-07-03,10.4387444044454,4.61868055555556,5.8200638488898
2020-07-04,16.6785384282885,4.4193006993007,12.2592377289878
2020-07-05,10.1183903024068,4.86013888194444,5.25825142046235
2020-07-06,16.4490877201006,4.84928057553957,11.5998071445611
2020-07-07,10.4320715673499,4.95527777777778,5.47679378957216
2020-07-08,15.7653465368717,5.08645833333333,10.6788882035384
2020-07-09,10.7869186995107,5.83694444444444,4.9499742550663
2020-07-10,14.5951950288766,6.24237762937063,8.35281739950592
2020-07-11,11.1730013317327,5.44229166666667,5.73070966506605
2020-07-12,11.3103964061846,4.785,6.5253964061846
2020-07-13,11.3096974439557,4.0826618705036,7.22703557345212
2020-07-14,11.530303179534,4.26916083916084,7.26114234037312
2020-07-15,11.222726588387,4.8080985915493,6.41462799683768
2020-07-16,11.2403304318299,5.88562500694444,5.35470542488548
2020-07-17,11.3386529982717,5.74174825174825,5.59690474652341
2020-07-18,11.5516445554808,4.70243055555556,6.84921399992523
2020-07-19,11.278804112665,4.758125,6.52067911266497
2020-07-20,11.4478714495187,5.80528572142857,5.64258572809016
2020-07-21,11.1549944932338,7.11790207692308,4.03709241631072
2020-07-22,12.4281651953466,5.10778571428571,7.3203794810609
2020-07-23,11.2713077188515,4.78223777622378,6.48906994262772
2020-07-24,11.7482011412282,4.33416666666667,7.41403447456153
2020-07-25,10.3339292746522,4.10076388888889,6.23316538576328
2020-07-26,10.4645755938745,4.92930554861111,5.53527004526334
2020-07-27,10.3215106763537,4.70602836879433,5.61548230755936
2020-07-28,10.6298938554976,4.4787323943662,6.15116146113142
2020-07-29,10.5420734941412,4.49638888888889,6.04568460525232
2020-07-30,10.7338228733523,4.27576388888889,6.45805898446345
2020-07-31,10.3112449138458,5.20999999300699,5.10124492083878
2020-08-01,10.684172382287,3.31847222222222,7.36570016006475
2020-08-02,10.52022009893,3.54791666666667,6.97230343226329
2020-08-03,10.677515101756,4.60430656934307,6.07320853241295
2020-08-04,10.545075869562,4.53901408450704,6.00606178505494
2020-08-05,10.5204911477603,4.14187500694444,6.37861614081588
2020-08-06,10.4776522048166,4.62145834722222,5.85619385759442
2020-08-07,13.1011120840859,5.944960008,7.15615207608591
2020-08-08,10.6806856542249,6.54780140425532,4.1328842499696
2020-08-09,11.8409361125859,7.14486111111111,4.69607500147476
2020-08-10,10.8652935448712,6.25134753900709,4.61394600586407
2020-08-11,10.9583286611053,6.72258741258741,4.23574124851791
2020-08-12,10.961164048032,7.34395833333333,3.61720571469868
2020-08-13,14.4096894770786,8.43166668055555,5.97802279652303
2020-08-14,11.2542962963947,7.17013889583333,4.08415740056141
2020-08-15,15.1626252145808,7.11345070422535,8.04917451035544
2020-08-16,11.2765506271667,6.36167832867133,4.91487229849536
2020-08-17,14.6978323432314,5.66365079365079,9.03418154958064
2020-08-18,11.7653825595365,6.37118054861111,5.39420201092537
2020-08-19,14.7581865496664,6.03482517482517,8.7233613748412
2020-08-20,9.34390830985126,6.33027971328671,3.01362859656455
2020-08-21,14.764607786681,7.18886521985816,7.57574256682286
2020-08-22,9.80513181778988,8.28951393055556,1.51561788723432
2020-08-23,16.1588398978258,6.56541666666667,9.59342323115917
2020-08-24,9.90635422755039,7.33768114492754,2.56867308262285
2020-08-25,16.0271485482269,8.02244753846154,8.00470100976534
2020-08-26,9.73255292462506,8.61993054861111,1.11262237601395
2020-08-27,15.9136655266803,9.43028167605634,6.48338385062393
2020-08-28,9.82960050697961,9.71482516083916,0.114775346140451
2020-08-29,16.8266271347666,9.73833334027778,7.08829379448883
2020-08-30,9.12590260012139,8.51090279166667,0.614999808454717
2020-08-31,16.192965090156,8.86475524475524,7.32820984540074
2020-09-01,9.09751404721158,7.98711266901408,1.1104013781975
2020-09-02,15.5563315972075,8.80036763235294,6.75596396485452
2020-09-03,8.95262024483893,10.2317482587413,-1.27912801390237
2020-09-04,15.239676799379,12.5731249930556,2.66655180632339
2020-09-05,8.72357850131739,12.4115972152778,-3.68801871396041
2020-09-06,15.2023655345182,12.9723076993007,2.23005783521747
2020-09-07,8.65126994285493,13.8365492957746,-5.18527935291967
2020-09-08,15.2057990196745,12.984055958042,2.22174306163254
2020-09-09,8.45332387270582,11.3438888888889,-2.89056501618308
2020-09-10,16.7671794194575,10.5072916805556,6.25988773890193
2020-09-11,8.37734363583842,9.31042856428572,-0.9330849284473
2020-09-12,15.406884454206,8.762013875,6.64487057920603
2020-09-13,8.24649888230046,10.5157857214286,-2.26928683912814
2020-09-14,16.1090389974612,11.1561538601399,4.95288513732134
2020-09-15,8.11569160515956,9.86115701652893,-1.74546541136937
2020-09-16,14.1705012113317,13.3331468461538,0.837354365177934
2020-09-17,7.87530864972008,12.4579861111111,-4.58267746139102
2020-09-18,14.4246903074201,10.9723776223776,3.4523126850425
2020-09-19,7.70960561755303,9.36042255633803,-1.650816938785
2020-09-20,15.0915200645539,8.33120567375886,6.76031439079499
2020-09-21,7.55164902631788,8.07944444444444,-0.527795418126562
2020-09-22,15.4784009433232,9.6111888041958,5.86721213912741
2020-09-23,7.50700430131575,8.80881945138889,-1.30181515007314
2020-09-24,14.020618010456,8.95541665972222,5.06520135073378
2020-09-25,7.33421668065895,9.37430555555556,-2.04008887489661
2020-09-26,13.7509551819797,6.80440559440559,6.94654958757415
2020-09-27,7.36544944173611,6.30774649295775,1.05770294877836
2020-09-28,14.3664429800709,7.31826392361111,7.0481790564598
2020-09-29,7.29460646227739,8.86612676760563,-1.57152030532824
2020-09-30,12.2867671811007,5.33135713571429,6.95541004538643
2020-10-01,7.35870705537509,5.66777777777778,1.69092927759731
2020-10-02,13.1213684384103,5.60694444444444,7.51442399396587
2020-10-03,7.48236407847687,5.17131944444444,2.31104463403243
2020-10-04,13.4798461694694,5.05363636363636,8.42620980583299
2020-10-05,7.67982320761363,5.28458333333333,2.3952398742803
2020-10-06,12.2758959726332,5.09263888888889,7.18325708374436
2020-10-07,7.65410897533116,5.28706293706294,2.36704603826822
2020-10-08,9.06100354614449,6.23270833333333,2.82829521281116
2020-10-09,7.55020694840348,6.11563911278196,1.43456783562152
2020-10-10,10.2648631002658,7.01083334027778,3.25402975998801
2020-10-11,7.4949872895982,8.63569345985401,-1.14070617025581
2020-10-12,10.5985775642246,9.82784720833333,0.770730355891283
2020-10-13,7.40414494271243,9.13645834027778,-1.73231339756535
2020-10-14,10.1819323433627,6.83172661870504,3.35020572465766
2020-10-15,7.30230754689971,4.29041958741259,3.01188795948712
2020-10-16,10.36047717214,6.70569444444444,3.65478272769557
2020-10-17,7.23098197356709,6.33090277777778,0.900079195789306
2020-10-18,10.4247546776608,5.20570422535211,5.21905045230865
2020-10-19,7.15560975425822,6.35086956521739,0.804740189040832
2020-10-20,11.310325947023,7.262480016,4.04784593102296
2020-10-21,7.33738148325586,7.72444445138889,-0.387062968133028
2020-10-22,11.5091211524796,10.5486524751773,0.960468677302293
2020-10-23,7.36764431144715,16.4247916666667,-9.05714735521955
2020-10-24,7.49891367485926,23.2388811188811,-15.7399674440218
2020-10-25,7.73184260988568,25.3124647887324,-17.5806221788467
2020-10-26,7.79718400903102,25.1997202727273,-17.4025362636963
2020-10-27,7.80129594676966,19.3340845070423,-11.5327885602726
2020-10-28,7.95225741454685,20.2768750069444,-12.3246175923976
2020-10-29,7.76934571145301,24.5468531468531,-16.7775074354001
2020-10-30,7.8953887765381,15.9302816830986,-8.0348929065605
2020-10-31,7.71840228505934,11.4144755174825,-3.69607323242316
2020-11-01,7.84497499499141,10.5053846363636,-2.66040964137219
2020-11-02,7.62231405382417,7.86422535915493,-0.241911305330764
2020-11-03,7.92931953418443,8.77979016083916,-0.85047062665473
2020-11-04,7.53742508923296,9.5012586993007,-1.96383361006774
2020-11-05,8.26037646282939,11.0544444583333,-2.79406799550391
2020-11-06,7.46324983557136,11.8115972361111,-4.34834740053974
2020-11-07,8.37456469574435,10.3058450492958,-1.93128035355145
2020-11-08,7.35644489917692,11.9957342517483,-4.63928935257138
2020-11-09,10.0546208273698,20.6998550797101,-10.6452342523403
2020-11-10,7.24147447035007,33.6939583333333,-26.4524838629832
2020-11-11,7.51116638828357,45.0218181818182,-37.5106517935346
2020-11-12,7.13134944817547,41.8839583333333,-34.7526088851578
2020-11-13,7.81874931133561,16.036111125,-8.21736181366439
2020-11-14,7.16728414294584,14.0383216853147,-6.87103754236886
2020-11-15,9.25474970159111,9.99861111111111,-0.743861409520003
2020-11-16,7.18133535671325,9.92083915384615,-2.7395037971329
2020-11-17,7.41447979696789,8.62111887412587,-1.20663907715798
2020-11-18,7.19610403326502,8.28451388888889,-1.08840985562387
2020-11-19,9.26279384177705,8.3386713006993,0.924122541077752
2020-11-20,7.05059183889917,8.83209793006993,-1.78150609117076
2020-11-21,7.19010508951902,8.275625,-1.08551991048098
2020-11-22,7.03315507297134,10.2141958181818,-3.18104074521046
2020-11-23,8.36155426955623,10.040208375,-1.67865410544377
2020-11-24,7.16829453095454,9.22271428571429,-2.05441975475975
2020-11-25,7.45225893053106,9.12263888888889,-1.67037995835783
2020-11-26,7.23923196313978,9.94580415384615,-2.70657219070637
2020-11-27,8.78756438505359,8.47958332638889,0.307981058664705
2020-11-28,7.27575943065638,7.18461539160839,0.0911440390479932
2020-11-29,7.58309168725026,8.18767606338028,-0.604584376130019
2020-11-30,7.38003774202331,6.99106382269504,0.388973919328269
2020-12-01,7.58564710975417,7.58901407746479,-0.00336696771062162
2020-12-02,7.43468238665104,7.47980768269231,-0.0451252960412729
2020-12-03,7.82024312325862,7.58672348349272,0.233519639765898
2020-12-04,7.74570706032342,7.69363928429314,0.052067776030281
2020-12-05,9.45584679833586,7.80055508509355,1.65529171324231
2020-12-06,7.91704738637755,7.90747088589397,0.00957650048357639
2020-12-07,8.36627018850443,8.01438668669439,0.351883501810043
2020-12-08,7.45728192138751,8.1213024874948,-0.664020566107292
2020-12-09,9.85214712013459,8.22821828829522,1.62392883183937
2020-12-10,7.76153680421107,8.33513408909563,-0.573597284884556
2020-12-11,10.0990120143272,8.44204988989605,1.65696212443117
2020-12-12,7.27492710051975,8.54896569069647,-1.27403859017672
2020-12-13,10.5439177651593,8.65588149149688,1.88803627366243
2020-12-14,7.39038313491755,8.7627972922973,-1.37241415737975
2020-12-15,10.8400960029751,8.86971309309771,1.97038290987735
2020-12-16,7.46350030293843,8.97662889389813,-1.5131285909597
2020-12-17,10.7137174266088,9.08354469469855,1.63017273191027
2020-12-18,7.57052855109467,9.19046049549896,-1.61993194440429
2020-12-19,11.7969571494326,9.29737629629938,2.49958085313323
2020-12-20,7.67424763964637,9.40429209709979,-1.73004445745342
2020-12-21,12.138260772162,9.51120789790021,2.62705287426179
2020-12-22,7.76093711468995,9.61812369870063,-1.85718658401068
2020-12-23,12.0640110469741,9.72503949950104,2.33897154747302
2020-12-24,7.84306815309212,9.83195530030146,-1.98888714720934
2020-12-25,9.35722791571641,9.93887110110187,-0.581643185385456
2020-12-26,7.83050212496775,10.0457869019023,-2.21528477693455
2020-12-27,11.1638253452502,10.1527027027027,1.01112264254749
2020-12-28,8.15929125263902,10.2836111388889,-2.12431988624988
2020-12-29,8.2847593770329,10.1206250138889,-1.835865636856
2020-12-30,8.29811585979879,10.7455244825175,-2.44740862271871
2020-12-31,11.2467918139955,11.6145833333333,-0.367791519337779
2021-01-01,8.34044374676962,11.8922222430556,-3.55177849628599
2021-01-02,8.43528731326303,11.7523943802817,-3.31710706701867
2021-01-03,8.456194225706,10.2282269503546,-1.7720327246486
2021-01-04,8.61758085903822,11.1846527777778,-2.56707191873958
2021-01-05,8.56292495113377,12.4431690140845,-3.88024406295073
2021-01-06,8.63424120979497,12.5047887323944,-3.87054752259943
2021-01-07,8.79227778491374,12.1467939083969,-3.35451612348316
2021-01-08,9.0651301628013,11.8964335594406,-2.8313033966393
2021-01-09,8.82795505880149,13.5751748251748,-4.74721976637331
2021-01-10,9.61757826587005,13.1328169014085,-3.51523863553845
2021-01-11,9.0620999865998,13.9348591478873,-4.8727591612875
2021-01-12,10.0388510467876,12.4019718450704,-2.36312079828283
2021-01-13,9.37671217826307,13.5660563521127,-4.18934417384963
2021-01-14,9.70961312207831,14.0526573496503,-4.34304422757199
2021-01-15,8.74413679061673,14.5464335664336,-5.80229677581688
2021-01-16,10.3785288293089,14.5416783216783,-4.16314949236937
2021-01-17,8.73599636017001,15.4679166666667,-6.73192030649669
2021-01-18,10.2183116475402,15.8658041958042,-5.64749254826404
2021-01-19,9.02504120066991,16.1646527777778,-7.13961157710789
2021-01-20,11.0333325928541,15.3193055555556,-4.28597296270147
2021-01-21,9.26477681457526,15.0292907801418,-5.76451396556654
2021-01-22,9.43941889745821,16.052027972028,-6.61260907456979
2021-01-23,9.36963102012911,14.2498581702128,-4.88022715008369
2021-01-24,9.41929713273636,15.3961805555556,-5.97688342281924
2021-01-25,9.48924567874189,15.1115972222222,-5.62235154348031
2021-01-26,9.59167866242175,15.7994444444444,-6.20776578202265
2021-01-27,9.74614476507811,15.6433098591549,-5.89716509407679
2021-01-28,9.83834751661531,15.1996503496503,-5.36130283303499
2021-01-29,10.0163018382338,13.9971830985915,-3.98088126035768
2021-01-30,10.0854502998124,14.4556643356643,-4.37021403585186
2021-01-31,10.277525623957,15.4606993006993,-5.18317367674229
2021-02-01,10.4037493186234,14.982027972028,-4.57827865340465
2021-02-02,10.4949072222018,15.5018055555556,-5.00689833335376
2021-02-03,10.7056876971615,16.4362237762238,-5.73053607906231
2021-02-04,10.6023474224122,16.6092307692308,-6.00688334681859
2021-02-05,10.8591163370884,16.837972027972,-5.97885569088359
2021-02-06,9.12853925016349,19.0146527777778,-9.88611352761431
2021-02-07,10.5104908550218,18.9245070422535,-8.41401618723166
2021-02-08,9.27010227428888,18.8338732464789,-9.56377097219002
2021-02-09,9.44987129871368,20.1592307692308,-10.7093594705171
2021-02-10,9.36520578428363,22.2445138888889,-12.8793081046053
2021-02-11,9.55118774074763,23.0999300699301,-13.5487423291825
2021-02-12,9.42954649976479,26.2972916666667,-16.8677451669019
2021-02-13,9.62716232853292,26.2447916666667,-16.6176293381338
2021-02-14,9.40769702464051,26.2391666666667,-16.8314696420262
2021-02-15,9.48267965144454,24.8178169014085,-15.335137249964
2021-02-16,9.56378384028623,23.7551388888889,-14.1913550486027
2021-02-17,9.64043011958916,23.6605594405594,-14.0201293209702
2021-02-18,10.0183903422762,23.9029370629371,-13.8845467206609
2021-02-19,10.289927436192,23.040979020979,-12.751051584787
2021-02-20,10.189535627764,21.9921527777778,-11.8026171500138
2021-02-21,10.3094228175449,23.0637588652482,-12.7543360477033
2021-02-22,10.204458661563,24.3843055555556,-14.1798468939926
2021-02-23,10.3234777295163,24.5638461538462,-14.2403684243299
2021-02-24,10.1703482275257,24.2483333333333,-14.0779851058076
2021-02-25,10.2478311297132,22.3589436619718,-12.1111125322586
2021-02-26,10.1519958029287,23.8543902439024,-13.7023944409737
2021-02-27,10.1819985208049,28.0236111111111,-17.8416125903062
2021-02-28,10.4269347156466,28.2715972222222,-17.8446625065756
2021-03-01,10.6144363680979,29.1811971830986,-18.5667608150007
2021-03-02,10.5079397988525,28.8124475524476,-18.3045077535951
2021-03-03,10.4192033309144,25.4161971830986,-14.9969938521842
2021-03-04,10.4412311828996,21.9906993006993,-11.5494681177997
2021-03-05,10.5289070290573,24.7106944444444,-14.1817874153871
2021-03-06,10.5830474865268,23.4718309859155,-12.8887834993887
2021-03-07,10.7998321799431,23.1218181818182,-12.3219860018751
2021-03-08,10.7702845210157,22.1758741258741,-11.4055896048584
2021-03-09,10.8809778425331,20.9484397163121,-10.067461873779
2021-03-10,10.8656977912734,19.4729166666667,-8.60721887539332
2021-03-11,10.8978615570158,19.035625,-8.13776344298419
2021-03-12,10.9416349664537,19.1175694444444,-8.1759344779907
2021-03-13,11.0026936882578,17.5169444444444,-6.51425075618658
2021-03-14,9.75958401616793,15.7197202727273,-5.96013625655937
2021-03-15,9.61230854197933,18.281875,-8.66956645802067
2021-03-16,9.81759265402584,23.4481818181818,-13.630589164156
2021-03-17,9.76182810258831,17.2171328671329,-7.45530476454459
2021-03-18,9.94131981347872,18.2586805555556,-8.31736074207688
2021-03-19,9.94454850539596,13.1706293706294,-3.22608086523344
2021-03-20,10.1181859447981,14.6667832097902,-4.54859726499209
2021-03-21,10.3682821618882,13.2030281760563,-2.83474601416813
2021-03-22,10.335176777155,11.9778832262774,-1.64270644912237
2021-03-23,10.426234024241,16.0376388888889,-5.61140486464786
2021-03-24,10.6528490816309,17.0893661690141,-6.43651708738316
2021-03-25,10.7869834070697,16.8613194444444,-6.07433603737474
2021-03-26,10.9818996440707,17.486013993007,-6.50411434893627
2021-03-27,11.3656530007542,13.4685211197183,-2.10286811896413
2021-03-28,11.7045226718239,18.8067605633803,-7.10223789155637
2021-03-29,12.5327740625519,15.4525,-2.91972593744807
2021-03-30,12.5701237202261,15.7895070422535,-3.21938332202744
2021-03-31,12.6916619383096,16.0804895104895,-3.38882757217994
2021-04-01,12.6387714948331,15.2372027972028,-2.59843130236969
2021-04-02,12.8596101678758,16.2315972291667,-3.37198706129092
2021-04-03,12.6367521386264,19.4367605633803,-6.8000084247539
2021-04-04,12.5190768180556,14.7316083846154,-2.21253156655975
2021-04-05,12.5446068879721,14.7040277847222,-2.15942089675015
2021-04-06,12.6903908026287,13.3813888958333,-0.6909980932046
2021-04-07,12.6884009647999,14.8382517552448,-2.14985079044495
2021-04-08,13.0767395237299,15.0953846223776,-2.01864509864775
2021-04-09,13.1157124806355,16.3075,-3.19178751936447
2021-04-10,13.6593244218563,17.1978321678322,-3.53850774597593
2021-04-11,13.1889911054597,16.4802097832168,-3.29121867775713
2021-04-12,13.2505031276562,15.3123610972222,-2.06185796956602
2021-04-13,13.3498489610658,13.7406293916084,-0.390780430542621
2021-04-14,14.0558393205377,14.5566666666667,-0.500827346129011
2021-04-15,14.1727875374079,14.3962937062937,-0.223506168885798
2021-04-16,15.4965102849672,13.3239130507246,2.17259723424259
2021-04-17,15.6108514145902,12.6643661971831,2.94648521740711
2021-04-18,16.400820318742,11.8455944055944,4.55522591314756
2021-04-19,16.5996113669295,12.8513986083916,3.7482127585379
2021-04-20,18.1069321423744,13.8273426573427,4.27958948503167
2021-04-21,18.1216167759704,12.2654545664336,5.85616220953681
2021-04-22,18.4974024760759,13.5991666666667,4.89823580940923
2021-04-23,19.4243696258579,14.6893055555556,4.7350640703023
2021-04-24,19.9328992647885,15.1261805555556,4.80671870923286
2021-04-25,19.2938892567088,14.4997902097902,4.7940990469186
2021-04-26,19.8102866462345,15.0256589147287,4.78462773150584
2021-04-27,19.7146866942803,13.8077083333333,5.90697836094698
2021-04-28,21.3193827798416,11.8170422605634,9.50234051927825
2021-04-29,21.0965561234476,10.2599295774648,10.8366265459828
2021-04-30,22.7962153777067,10.1181944583333,12.6780209193734
2021-05-01,22.362809490217,9.91062500694444,12.4521844832725
2021-05-02,22.9159612480552,9.35580418881119,13.5601570592441
2021-05-03,23.4841202478333,10.8464583472222,12.6376619006111
2021-05-04,23.6077558522434,10.3664583194444,13.241297532799
2021-05-05,22.2460857154192,10.1796478802817,12.0664378351375
2021-05-06,22.0719733929221,7.88977441353383,14.1821989793882
2021-05-07,21.8168776144195,7.6764583125,14.1404193019195
2021-05-08,21.5458669336828,6.88601398601399,14.6598529476688
2021-05-09,20.4074283350592,6.62545453846154,13.7819737965976
2021-05-10,19.9412457428272,5.87298610416667,14.0682596386605
2021-05-11,19.5447936899072,6.08951048951049,13.4552832003967
2021-05-12,18.9777259842519,5.24573426573427,13.7319917185176
2021-05-13,18.7064896384231,5.77573426573427,12.9307553726888
2021-05-14,19.1329053907379,5.84288732394366,13.2900180667943
2021-05-15,19.4008378827863,5.19604166666667,14.2047962161196
2021-05-16,20.7829763418653,6.61020979020979,14.1727665516555
2021-05-17,20.8660342399844,7.27791666666667,13.5881175733177
2021-05-18,21.988869906893,6.54384613986014,15.4450237670328
2021-05-19,22.3165909851842,5.59014084507042,16.7264501401138
2021-05-20,23.9246951316005,5.80673611805556,18.117959013545
2021-05-21,23.8473906461105,4.97597222222222,18.8714184238883
2021-05-22,25.3552233709132,4.80111111111111,20.5541122598021
2021-05-23,25.5432569703132,4.69826388888889,20.8449930814243
2021-05-24,26.6095595800635,6.37638297163121,20.2331766084322
2021-05-25,27.5735571703247,8.33734267832168,19.2362144920031
2021-05-26,28.860818113519,11.171958020979,17.68886009254
2021-05-27,27.6905214180482,13.8664084507042,13.824112967344
2021-05-28,28.557376248786,17.6240277777778,10.9333484710082
2021-05-29,28.6954894477564,19.7009090909091,8.99458035684728
2021-05-30,28.8542665337693,14.92875,13.9255165337693
2021-05-31,28.7833290565687,17.4546043165468,11.3287247400219
2021-06-01,28.8648342827849,16.7963194444444,12.0685148383405
2021-06-02,28.3746711188761,18.0561805555556,10.3184905633205
2021-06-03,28.1951911564679,15.8431654676259,12.352025688842
2021-06-04,27.3595170856127,12.6002777847222,14.7592393008905
2021-06-05,27.008062095425,10.5593706293706,16.4486914660544
2021-06-06,26.7173408059277,7.38496504895105,19.3323757569767
2021-06-07,26.4213677947875,5.44475,20.9766177947875
2021-06-08,26.1630700831276,4.80590278472222,21.3571672984054
2021-06-09,25.8614593625921,3.34545454545455,22.5160048171375
2021-06-10,25.5360928235089,2.41840277777778,23.1176900457311
2021-06-11,25.2573453666417,2.28223776223776,22.975107604404
2021-06-12,24.9380080319877,1.48755244755245,23.4504555844352
2021-06-13,24.7195889426614,1.49194444444444,23.227644498217
2021-06-14,24.3624370608344,1.71867132867133,22.6437657321631
2021-06-15,24.1507214193818,1.52493975903614,22.6257816603457
2021-06-16,23.9245515902865,1.81104827473158,22.1135033155549
2021-06-17,23.6104747057257,2.09715679042701,21.5133179152987
2021-06-18,23.3416424886171,2.38326530612245,20.9583771824947
2021-06-19,23.1317513872586,2.03902777777778,21.0927236094808
2021-06-20,22.8316459705048,3.05909722222222,19.7725487482826
2021-06-21,22.6018281707923,4.10842856428571,18.4933996065066
2021-06-22,22.3809383503204,4.26753521126761,18.1134031390528
2021-06-23,22.3483276545966,3.23538462237762,19.112943032219
2021-06-24,21.9319414656506,3.19992957746479,18.7320118881858
2021-06-25,21.6492607814277,3.57,18.0792607814277
2021-06-26,21.3434299753847,4.00838027464789,17.3350497007368
2021-06-27,21.1042722454336,6.39293706293706,14.7113351824965
2021-06-28,20.9285296039849,4.83889705882353,16.0896325451614
2021-06-29,20.7431551489012,5.35048610416667,15.3926690447345
2021-06-30,20.5428435528171,5.87090278472222,14.6719407680949
2021-07-01,20.3824262257307,4.91922535211268,15.463200873618
2021-07-02,20.2131117805653,5.7897916875,14.4233200930653
2021-07-03,20.2333735876217,5.9178169084507,14.315556679171
2021-07-04,19.8128685487242,4.94472221527778,14.8681463334464
2021-07-05,19.5732470674328,5.71819445138889,13.8550526160439
2021-07-06,19.3004287401915,5.69377623076923,13.6066525094223
2021-07-07,19.230840866559,5.05985915492958,14.1709817116294
2021-07-08,19.0806767081006,5.20090909090909,13.8797676171915
2021-07-09,18.9846123491337,6.07451388888889,12.9100984602449
2021-07-10,18.720723622696,8.06812500694445,10.6525986157516
2021-07-11,18.5379358165744,8.78048613194444,9.75744968463
2021-07-12,18.1617142619396,10.0224647957746,8.13924946616503
2021-07-13,17.979850079399,10.3323776083916,7.64747247100736
2021-07-14,17.7686143261382,7.97034719444444,9.79826713169372
2021-07-15,17.6995503951196,8.03763888888889,9.66191150623076
2021-07-16,17.5095803121232,8.29409722222222,9.21548308990094
2021-07-17,17.4548219405207,9.43809859859155,8.01672334192911
2021-07-18,17.3285750194213,12.0139160909091,5.31465892851215
2021-07-19,17.2165308082711,12.4395833125,4.77694749577115
2021-07-20,17.0851779388371,13.9581944444444,3.12698349439275
2021-07-21,17.004011718186,15.515,1.48901171818595
2021-07-22,16.8617468823924,15.0623776223776,1.79936926001476
2021-07-23,16.7656600293837,11.0307692097902,5.73489081959355
2021-07-24,16.6366792546372,7.79354163194444,8.84313762269281
2021-07-25,16.5954122954687,6.89295773943662,9.70245455603205
2021-07-26,16.3877787731016,8.64907142857143,7.73870734453015
2021-07-27,16.3556080014788,9.3700699020979,6.98553809938091
2021-07-28,16.1029826487919,11.7872916944444,4.31569095434748
2021-07-29,16.0183974135298,15.913125,0.105272413529804
2021-07-30,15.8503457897914,16.3999290780142,-0.549583288222793
2021-07-31,15.7098257340917,16.2713194444444,-0.561493710352703
2021-08-01,15.5786347095207,11.4016083706294,4.17702633889126
2021-08-02,15.5819851665322,8.76928057553957,6.81270459099265
2021-08-03,15.4778576769254,7.85055946853147,7.62729820839395
2021-08-04,15.4659352081601,5.85440559440559,9.61152961375446
2021-08-05,15.2465523045537,5.75520834027778,9.49134396427595
2021-08-06,15.1894638069451,5.35826389583333,9.83119991111172
2021-08-07,14.9990466856091,7.3180985915493,7.68094809405976
2021-08-08,15.0310689177099,7.93888112587413,7.09218779183573
2021-08-09,14.8730461942238,8.51350364233577,6.35954255188799
2021-08-10,14.8989011202705,9.83486111111111,5.06404000915939
2021-08-11,14.7510573220056,11.7623404326241,2.98871688938151
2021-08-12,14.7664415437893,12.6796478802817,2.08679366350764
2021-08-13,14.5991785148714,13.3320422605634,1.26713625430798
2021-08-14,14.563539879607,13.4349305555556,1.12860932405145
2021-08-15,14.4448324665176,15.2246527777778,-0.779820311260158
2021-08-16,14.4857516613944,18.4338518518519,-3.94810019045755
2021-08-17,14.3685230937297,20.4909243697479,-6.12240127601823
2021-08-18,14.4011909699925,18.9607638888889,-4.5595729188964
2021-08-19,14.2783619131577,16.2323776223776,-1.95401570921993
2021-08-20,14.3600461609267,12.9516417985075,1.40840436241924
2021-08-21,14.1986994747242,11.4625174545455,2.73618202017866
2021-08-22,14.2141391546451,9.75722226388889,4.45691689075621
2021-08-23,14.0941782566714,8.46635715714286,5.62782109952853
2021-08-24,14.1363695509443,7.90971010869565,6.22665944224866
2021-08-25,14.0160949574813,8.46090910489511,5.55518585258615
2021-08-26,14.0299600679239,9.66524824822695,4.36471181969699
2021-08-27,13.9356922849203,10.9402797062937,2.99541257862657
2021-08-28,13.9996785598833,9.47288731690141,4.52679124298191
2021-08-29,13.8616571351232,10.5210416805556,3.34061545456758
2021-08-30,13.9131239094239,9.16083329861111,4.75229061081276
2021-08-31,13.802568474114,9.02985293382353,4.77271554029048
2021-09-01,13.9056924425852,8.78566434265734,5.12002809992789
2021-09-02,13.7345852998827,7.63472222916667,6.09986307071602
2021-09-03,13.8226250680896,7.9311971971831,5.89142787090645
2021-09-04,13.6279230599124,8.64979020979021,4.9781328501222
2021-09-05,13.7041066816022,7.92041667361111,5.78369000799114
2021-09-06,13.6336078374642,7.80884894964029,5.82475888782395
2021-09-07,13.5652298928184,6.63132869230769,6.93390120051069
2021-09-08,13.2505712510501,6.86146853846154,6.38910271258852
2021-09-09,13.3406680801056,5.27930070629371,8.06136737381185
2021-09-10,13.106523556242,4.64736110416667,8.45916245207528
2021-09-11,13.1268176701161,6.13673611111111,6.99008155900499
2021-09-12,13.0139445633589,6.18521127464789,6.82873328871102
2021-09-13,13.0377774292651,7.81553191489362,5.22224551437147
2021-09-14,12.9509948892924,8.23108696376812,4.71990792552424
2021-09-15,13.0313500731486,9.73461538461538,3.29673468853324
2021-09-16,12.853273707002,8.5511805625,4.302093144502
2021-09-17,12.817957831498,8.62486109722222,4.19309673427575
2021-09-18,12.6602289817361,6.64388888888889,6.01634009284722
2021-09-19,12.6774617908428,8.02993055555556,4.64753123528724
2021-09-20,12.5448785777567,9.20737587943262,3.33750269832412
2021-09-21,12.5935749066109,7.65378571428571,4.93978919232524
2021-09-22,12.4929079222936,16.2944366056338,-3.80152868334022
2021-09-23,12.5833717623138,12.2467832237762,0.336588538537629
2021-09-24,12.3249498505894,10.4026760704225,1.9222737801669
2021-09-25,12.507002153056,10.7944055804196,1.71259657263644
2021-09-26,12.4923942061036,14.5151748251748,-2.02278061907118
2021-09-27,12.7090284119098,12.8222463623188,-0.113217950409018
2021-09-28,12.6802641021054,10.0295774647887,2.65068663731669
2021-09-29,12.9095339204692,8.25401409859155,4.65551982187767
2021-09-30,12.807810372785,7.12701390277778,5.68079647000719
2021-10-01,12.9364122562953,7.42204224647887,5.51437000981647
2021-10-02,12.8071070728397,6.955625,5.85148207283974
2021-10-03,12.7890410624788,7.57493053472222,5.21411052775655
2021-10-04,12.6367259269006,7.19800000714286,5.43872591975773
2021-10-05,12.8308517856573,7.3988194375,5.43203234815726
2021-10-06,12.478106611368,8.38426574825175,4.09384086311628
2021-10-07,12.5405040446666,9.02069931468532,3.51980472998132
2021-10-08,12.3587933389966,8.64854166666667,3.71025167232995
2021-10-09,12.5152366092983,10.4092957816901,2.1059408276082
2021-10-10,12.323267129469,11.0056337676056,1.3176333618634
2021-10-11,12.4413285777924,12.1762411347518,0.265087443040571
2021-10-12,12.2030249225206,12.6002777777778,-0.397252855257218
2021-10-13,12.3298866448083,11.5725174615385,0.757369183269839
2021-10-14,12.2068441686897,10.0504894755245,2.15635469316524
2021-10-15,12.370270454297,9.89718309859155,2.47308735570541
2021-10-16,12.2555130008233,9.61356647552448,2.64194652529886
2021-10-17,12.3799065668014,9.61432620567376,2.76558036112764
2021-10-18,12.3290249352227,9.99721427857143,2.33181065665125
2021-10-19,12.5311811083778,10.3817730638298,2.14940804454801
2021-10-20,12.4738995870336,9.32145830555556,3.15244128147801
2021-10-21,12.6566570514593,9.17986016083916,3.47679689062013
2021-10-22,12.5906129863487,8.89638886111111,3.69422412523758
2021-10-23,12.7916270464375,9.60167825874126,3.1899487876962
2021-10-24,12.8168503294223,9.41111110416667,3.40573922525558
2021-10-25,12.796891628846,9.81345586029412,2.98343576855193
2021-10-26,12.8525978738702,10.169020972028,2.68357690184221
2021-10-27,12.9873220630455,11.1097222152778,1.87759984776771
2021-10-28,12.9682848031862,9.78398605594406,3.18429874724214
2021-10-29,12.4816393304324,11.2673943380282,1.21424499240415
2021-10-30,12.4094596013011,13.5705594475524,-1.16109984625133
2021-10-31,12.5238570090928,14.452027972028,-1.92817096293521
2021-11-01,12.3786852146056,15.5629861111111,-3.18430089650555
2021-11-02,12.4693789165926,13.2496503426573,-0.780271426064655
2021-11-03,12.3912983571583,13.8464583263889,-1.45515996923064
2021-11-04,12.4650023035811,11.2424999791667,1.22250232441436
2021-11-05,12.3857807974888,11.9065734685315,0.479207328957331
2021-11-06,12.4800020668529,14.0816666666667,-1.60166459981376
2021-11-07,12.4072793502928,14.3424305347222,-1.93515118442938
2021-11-08,12.5238712562855,18.2118309859155,-5.68795972962998
2021-11-09,12.4456915865439,17.8363194444444,-5.39062785790047
2021-11-10,12.558602483967,21.2514685314685,-8.69286604750153
2021-11-11,12.4428895054034,24.4966666666667,-12.0537771612633
2021-11-12,12.4934673103935,30.9575177304965,-18.464050420103
2021-11-13,12.4671940761491,21.6738888888889,-9.20669481273982
2021-11-14,12.5647656627559,22.7958333402778,-10.2310676775219
2021-11-15,12.4809073217238,20.8682269503546,-8.38731962863081
2021-11-16,12.5800673327098,27.3110416666667,-14.7309743339569
2021-11-17,12.5126760612126,21.5957638888889,-9.08308782767629
2021-11-18,12.5898423932219,26.0013286713287,-13.4114862781068
2021-11-19,12.5283942740931,18.0555943986014,-5.52720012450829
2021-11-20,12.7014962264254,21.8604929577465,-9.1589967313211
2021-11-21,12.4475174820567,24.4394444513889,-11.9919269693322
2021-11-22,12.766913465597,25.9594326241135,-13.1925191585165
2021-11-23,11.8912796308513,20.9427777847222,-9.05149815387087
2021-11-24,11.7777237114104,19.8151408450704,-8.03741713366005
2021-11-25,11.7290346017254,16.8337313507463,-5.10469674902091
2021-11-26,11.8346754753964,15.3495139166667,-3.51483844127033
2021-11-27,11.6713533584497,19.5086013986014,-7.83724804015168
2021-11-28,11.7684408679369,21.8781118881119,-10.109671020175
2021-11-29,11.7796204223921,22.376170212766,-10.5965497903739
2021-11-30,11.9846557603598,18.4676223776224,-6.48296661726258
2021-12-01,11.8772110538901,20.8927272727273,-9.01551621883717
2021-12-02,11.9122957472071,15.3767832167832,-3.46448746957606
2021-12-03,11.8956412516334,12.2573239507042,-0.361682699070757
2021-12-04,12.0201063204991,12.7843055555556,-0.764199235056509
2021-12-05,11.812981621584,19.5743749930556,-7.76139337147162
2021-12-06,11.8499817372678,21.9331690140845,-10.0831872768167
2021-12-07,11.7339387433962,14.1732167692308,-2.43927802583457
2021-12-08,11.7730725878244,14.6668794326241,-2.89380684479967
2021-12-09,11.5720945557055,10.9420979020979,0.629996653607618
2021-12-10,11.7771683563081,16.6808391608392,-4.90367080453112
2021-12-11,11.8072022787721,16.4547916736111,-4.64758939483899
2021-12-12,12.0472951982263,15.1268749930556,-3.07957979482935
2021-12-13,12.0171891141183,12.5157142747253,-0.498525160607048
2021-12-14,12.182950810228,24.8136842105263,-12.6307334002983
2021-12-15,12.1444449941378,18.9737323943662,-6.82928740022844
2021-12-16,12.3872891390198,13.9831250069444,-1.59583586792463
2021-12-17,12.240176060925,13.7297916597222,-1.48961559879725
2021-12-18,12.5625201717263,19.8022222222222,-7.23970205049593
2021-12-19,12.2200343696663,11.8653472569444,0.354687112721864
2021-12-20,12.3121401165875,10.9541666944444,1.35797342214306
2021-12-21,12.2163553098083,13.6590908951049,-1.44273558529655
2021-12-22,12.3182151592563,10.9528472152778,1.36536794397854
2021-12-23,12.2402986244396,9.9855943986014,2.25470422583816
2021-12-24,12.4301041028998,10.5361805208333,1.89392358206646
2021-12-25,12.3810217930238,8.99734266433566,3.38367912868816
2021-12-26,12.5248636421999,7.26312498611111,5.26173865608884
2021-12-27,12.5062852063931,6.69678320979021,5.80950199660289
2021-12-28,12.6956026313535,6.55819446527778,6.13740816607572
2021-12-29,12.5733391997608,7.53597220833333,5.03736699142748
2021-12-30,12.6908871253747,8.35293707692308,4.33795004845163
2021-12-31,12.535373843327,8.44248224822695,4.09289159510004
